Date,AAPL,MSFT,WMT,NKE,MCD,DIS
2017-06-01,147.2189,67.0227,75.5363,50.8297,143.4127,103.6241
2017-06-02,149.4006,68.6098,75.3565,51.4906,144.6832,102.6377
2017-06-05,147.9397,69.107,75.9623,51.5198,143.7891,102.0057
2017-06-06,148.4395,69.3364,74.7035,51.0047,142.321,101.0289
2017-06-07,149.3237,69.2121,74.9117,51.7336,142.9892,101.4311
2017-06-08,148.9585,68.7915,74.7035,51.7045,142.5093,99.8989
2017-06-09,143.1823,67.233,75.1672,51.9571,142.5563,101.1438
2017-06-12,139.7609,66.7167,74.9969,52.5111,139.7236,102.5037
2017-06-13,140.8854,67.5485,75.2619,52.7832,140.9941,102.044
2017-06-14,139.511,67.1852,75.6215,53.1234,141.8035,101.6418
2017-06-15,138.6748,66.8315,74.6845,51.4129,142.2646,101.4886
2017-06-16,136.7335,66.9271,71.2111,49.6635,143.0363,101.0385
2017-06-19,140.6451,67.7589,71.4571,50.5576,144.1185,100.9044
2017-06-20,139.3669,66.841,71.495,50.1106,144.9937,99.535
2017-06-21,140.1934,67.1852,72.1575,51.1116,144.6738,100.3586
2017-06-22,139.9628,67.1756,71.4761,50.9269,145.6807,99.8032
2017-06-23,140.5874,68.0839,70.8325,51.3643,145.5302,99.9372
2017-06-26,140.1453,67.4338,71.4571,51.7822,144.8902,101.096
2017-06-27,138.1366,66.1717,71.9398,51.4615,144.6644,100.9428
2017-06-28,140.155,66.7358,72.4131,51.8599,145.2102,102.3313
2017-06-29,138.0886,65.4834,71.8641,51.6753,144.1091,101.23
2017-06-30,138.4154,65.904,71.6275,57.3414,144.1373,101.7472
2017-07-03,137.9156,65.1774,71.3247,57.0012,143.5163,102.9059
2017-07-05,138.4827,66.0474,71.2868,55.9419,144.0527,101.1534
2017-07-06,137.1756,65.5598,71.4288,55.5531,144.0715,99.7063
2017-07-07,138.5692,66.4108,71.2962,56.3501,147.0641,99.6774
2017-07-10,139.4149,66.9079,69.3087,57.079,146.3583,99.9379
2017-07-11,139.8666,66.9175,69.5359,56.5445,145.7843,100.179
2017-07-12,140.0684,68.0266,69.9807,56.5833,147.3559,100.7
2017-07-13,142.0195,68.6194,71.0312,56.3112,145.9066,100.6132
2017-07-14,143.24,69.585,72.2522,56.3695,146.1325,101.385
2017-07-17,143.7398,70.13,72.2806,56.1654,146.1136,101.0955
2017-07-18,144.2395,70.0822,72.1196,56.0294,144.8902,102.0217
2017-07-19,145.143,70.6176,71.8073,56.146,144.8243,103.054
2017-07-20,144.4894,70.9618,71.9493,57.4386,145.1255,103.5749
2017-07-21,144.4221,70.5507,72.0723,58.2647,144.8526,103.3144
2017-07-24,146.1713,70.369,72.7727,57.2928,142.9045,103.2276
2017-07-25,146.796,70.9331,74.3154,57.7204,149.6992,102.6681
2017-07-26,147.488,70.7993,74.6751,56.7194,147.29,103.1697
2017-07-27,144.7009,69.9483,75.508,56.5153,147.7041,106.1219
2017-07-28,143.6821,69.8336,75.5363,57.0207,146.6689,106.0833
2017-07-31,142.9421,69.5085,75.7067,57.39,146.0007,106.0543
2017-08-01,144.2107,69.3938,76.1894,58.1578,144.9655,106.7104
2017-08-02,151.0248,69.0879,76.2178,58.1092,147.3653,104.8387
2017-08-03,149.5159,68.9827,76.5396,58.4494,145.6055,105.2729
2017-08-04,150.304,69.4894,76.1705,58.08,144.7585,103.8933
2017-08-07,152.6298,69.2217,76.9276,58.1092,145.8407,102.6005
2017-08-08,153.8504,69.5946,77.221,57.7885,145.7937,103.2083
2017-08-09,154.7922,69.2886,77.7258,58.2161,145.7937,99.2046
2017-08-10,149.8618,68.2752,76.821,57.4094,147.3935,97.7768
2017-08-11,151.9459,69.3173,76.5734,57.3122,148.0335,98.3943
2017-08-14,154.2326,70.3595,76.8591,58.0995,147.9958,97.8251
2017-08-15,155.9211,70.3787,76.9258,56.9138,148.3346,97.9312
2017-08-16,155.294,70.792,77.1258,56.8943,149.5392,98.5968
2017-08-17,152.3126,69.5905,75.9067,55.8447,148.5887,97.8058
2017-08-18,151.9652,69.677,75.5353,53.4053,148.4664,97.1497
2017-08-21,151.6854,69.3502,75.9162,52.1029,149.031,97.6032
2017-08-22,154.1651,70.321,76.2115,52.6083,150.2356,99.1468
2017-08-23,154.3581,69.8981,76.1543,52.1029,149.4545,97.9215
2017-08-24,153.673,69.8693,74.6114,52.3265,149.0781,97.9408
2017-08-25,154.2423,69.9942,74.8876,52.3848,149.4639,98.7995
2017-08-28,155.7957,70.0038,74.3162,52.2195,150.2638,98.9442
2017-08-29,157.1851,70.2153,75.021,51.2477,149.9909,98.9538
2017-08-30,157.6097,71.138,74.8019,51.0824,151.0228,99.2432
2017-08-31,158.2368,71.8685,74.3543,51.5018,151.4393,97.6321
2017-09-01,158.2851,71.0707,74.64,52.0382,151.2879,97.9215
2017-09-05,156.3843,70.7536,76.002,51.6968,150.6157,98.018
2017-09-06,156.2202,70.5517,76.2686,51.453,149.7827,97.9215
2017-09-07,155.5931,71.4552,76.3067,51.0922,151.3731,93.6381
2017-09-08,153.0555,71.1092,75.1257,50.9069,151.1932,93.6477
2017-09-11,155.8247,71.8589,75.3162,51.7163,152.9162,93.667
2017-09-12,155.2072,71.782,75.821,52.0772,147.9935,94.4388
2017-09-13,154.0397,72.2915,76.0591,52.1942,148.6277,95.336
2017-09-14,152.7178,71.8685,75.8877,52.399,148.6277,94.4485
2017-09-15,154.2616,72.3876,76.5543,52.5355,148.552,95.0466
2017-09-18,153.0941,72.2434,76.1924,52.1747,148.3248,94.6414
2017-09-19,153.152,72.5126,76.2401,52.0089,149.0348,94.9598
2017-09-20,150.5855,72.0319,76.6686,52.2332,151.3541,95.7123
2017-09-21,147.9996,71.3303,76.202,51.8724,150.5495,95.4035
2017-09-22,146.5524,71.5225,75.7448,51.9211,150.4359,95.1238
2017-09-25,145.2595,70.4171,75.3829,51.9114,147.9272,96.0596
2017-09-26,147.7584,70.4171,75.6115,52.3697,145.1723,95.1527
2017-09-27,148.8101,70.9842,75.5162,51.3652,145.8351,95.7412
2017-09-28,147.8935,71.0035,75.1924,51.3262,149.0916,94.5932
2017-09-29,148.704,71.5994,74.421,50.5656,148.3248,95.0948
2017-10-02,148.4049,71.7147,74.7162,50.5851,148.5899,96.3394
2017-10-03,149.0514,71.3783,75.4495,50.195,148.4952,97.2366
2017-10-04,148.0865,71.7916,75.3257,50.7899,148.8265,97.005
2017-10-05,149.9294,73.022,75.6305,50.8874,150.3317,96.5805
2017-10-06,149.8425,73.0508,75.24,51.1214,151.0891,96.5419
2017-10-09,150.3635,73.3296,76.6972,50.2437,151.5814,96.0596
2017-10-10,150.4214,73.3296,80.1259,50.2535,152.0168,96.0692
2017-10-11,151.0486,73.4545,81.6497,49.7659,154.4497,95.0755
2017-10-12,150.518,74.1273,82.0021,49.5708,155.1693,93.5126
2017-10-13,151.4732,74.483,82.4974,49.7171,156.5514,93.9468
2017-10-16,154.2616,74.6368,81.6592,50.0975,156.2106,94.6703
2017-10-17,154.8309,74.5791,81.8878,50.7119,156.5798,94.8922
2017-10-18,154.1458,74.5983,82.1164,51.0044,156.9301,94.7861
2017-10-19,150.4986,74.8867,82.2878,51.3848,157.6211,95.5193
2017-10-20,150.7591,75.7518,83.2783,51.7456,157.4318,95.8956
2017-10-23,150.682,75.771,84.4307,52.3307,154.6296,95.2202
2017-10-24,151.5793,75.7998,83.7926,52.0967,155.1409,94.8247
2017-10-25,150.9135,75.5788,84.2688,53.579,154.8569,94.352
2017-10-26,151.8784,75.7037,84.4022,55.4027,155.2639,95.0852
2017-10-27,157.3202,80.5577,83.9736,54.5737,156.5703,94.844
2017-10-30,160.8612,80.6346,82.8117,53.9008,157.3655,94.5835
2017-10-31,163.0997,79.9522,83.1545,53.6278,158.0092,94.3616
2017-11-01,161.0253,79.9522,83.7545,53.7058,157.498,95.5386
2017-11-02,162.2024,80.7884,84.5736,53.7546,159.1358,94.8826
2017-11-03,166.4381,80.8749,85.4117,54.3299,159.6565,95.1624
2017-11-06,168.1266,81.1921,84.4784,54.6518,161.0008,97.0919
2017-11-07,168.6669,80.9999,84.7165,53.7838,161.6634,98.0277
2017-11-08,170.0467,81.2786,85.9641,54.3787,161.0292,97.6128
2017-11-09,169.6994,80.8269,86.0022,54.7395,158.0945,99.0599
2017-11-10,169.1377,80.6154,86.5927,54.7005,156.7596,101.0859
2017-11-13,168.4599,80.6731,86.6594,54.525,158.4447,101.0473
2017-11-14,165.9131,80.7884,86.7546,54.5933,159.1452,99.5327
2017-11-15,163.7247,80.1605,85.5546,55.2272,158.3974,100.0343
2017-11-16,165.6808,80.373,94.8786,55.8123,159.1263,99.9475
2017-11-17,164.7608,79.6002,92.831,57.7237,157.8294,99.7931
2017-11-20,164.5963,79.7258,92.8405,57.7823,158.0282,99.1275
2017-11-21,167.6562,80.8754,91.9262,57.9188,159.3251,99.3686
2017-11-22,169.4185,80.2861,91.8214,57.6067,160.0351,99.1178
2017-11-24,169.4282,80.431,92.0214,57.8505,160.0919,99.0213
2017-11-27,168.5761,81.0203,92.0214,58.1528,159.95,99.166
2017-11-28,167.5884,81.996,92.1643,58.1041,162.203,99.7642
2017-11-29,164.1121,80.5083,92.9167,58.8648,161.3415,101.5297
2017-11-30,166.407,81.3101,92.6024,58.9233,163.7699,101.1245
2017-12-01,165.6323,81.397,92.7167,58.5906,164.627,101.5393
2017-12-04,164.4219,78.3251,92.3929,58.8059,162.5129,106.3341
2017-12-05,164.267,78.8177,93.1738,59.119,164.7413,103.4399
2017-12-06,163.657,79.9673,92.65,58.434,165.2079,101.7419
2017-12-07,163.9572,79.6871,92.6596,59.2951,164.6651,101.549
2017-12-08,164.0055,81.3004,92.4394,59.98,164.8937,101.3642
2017-12-11,167.201,82.3341,92.8032,60.5769,164.9889,103.8927
2017-12-12,166.2617,82.6722,92.583,60.8313,164.0175,104.4762
2017-12-13,166.8137,82.45,93.5979,62.9154,165.2746,104.6513
2017-12-14,166.7653,81.8124,92.9947,63.1405,164.8842,107.5299
2017-12-15,168.4599,83.899,92.9755,63.3949,165.7603,108.2106
2017-12-18,170.8323,83.445,93.7319,63.4144,165.8936,107.9772
2017-12-19,169.0118,82.9137,94.5936,62.8567,165.1222,108.7358
2017-12-20,168.8278,82.6142,94.5457,62.2207,163.9604,106.6741
2017-12-21,169.4669,82.5949,93.8851,63.3753,163.6557,106.5574
2017-12-22,169.4669,82.6045,94.0287,61.9272,163.2462,105.6821
2017-12-26,165.1676,82.4983,94.9382,62.2794,163.1224,105.1472
2017-12-27,165.1966,82.7977,95.034,61.5945,164.4366,104.6804
2017-12-28,165.6614,82.8074,95.168,61.5945,164.8461,104.8069
2017-12-29,163.87,82.6335,94.5457,61.2031,163.9128,104.554
2018-01-02,166.804,83.0296,94.3925,62.1229,164.9603,108.7261
2018-01-03,166.775,83.416,95.2159,62.1131,164.2652,109.1929
2018-01-04,167.5496,84.1502,95.3021,62.0739,165.4175,109.1442
2018-01-05,169.4572,85.1935,95.867,62.6023,165.7508,108.551
2018-01-08,168.8278,85.2804,97.2839,63.16,165.6365,106.995
2018-01-09,168.8085,85.2225,96.1159,62.7099,165.2651,106.9172
2018-01-10,168.7697,84.8361,95.4265,62.8371,165.2365,106.4601
2018-01-11,169.7284,85.0872,95.7616,62.9056,165.1222,107.9383
2018-01-12,171.4811,86.5556,96.5754,63.2774,165.2937,109.3776
2018-01-16,170.6096,85.348,96.4031,62.0544,165.3984,107.6466
2018-01-17,173.4274,87.0772,98.3275,62.436,166.6364,108.8914
2018-01-18,173.5823,87.0386,99.8594,62.7295,166.246,107.384
2018-01-19,172.8077,86.942,100.1371,65.7628,167.7221,107.5493
2018-01-22,171.3939,88.4973,100.9604,64.9604,167.8078,108.0453
2018-01-23,171.4326,88.7774,101.3913,65.6943,168.3792,107.3743
2018-01-24,168.702,88.7001,101.286,66.5357,167.7221,107.4618
2018-01-25,165.6904,89.1928,102.0615,66.252,167.284,107.5104
2018-01-26,166.0778,90.864,103.7753,66.5749,169.8553,109.1053
2018-01-29,162.6402,90.7288,104.8859,66.1248,169.2934,108.4732
2018-01-30,161.6816,89.5889,103.1434,65.8802,164.2556,107.0825
2018-01-31,162.127,91.7818,102.0615,66.751,162.9795,105.6821
2018-02-01,162.4659,91.0572,101.0275,66.1933,163.7033,107.4521
2018-02-02,155.4165,88.6615,100.0317,65.7725,161.3035,105.7113
2018-02-05,151.5335,85.0099,95.8286,63.0035,156.0371,101.8213
2018-02-06,157.8663,88.2268,96.6042,63.8156,157.3037,103.2509
2018-02-07,154.4869,86.5652,98.4711,64.2168,157.8085,101.8796
2018-02-08,150.2359,82.1215,95.7616,61.1444,151.3898,98.5634
2018-02-09,152.0735,85.1838,95.1393,64.0798,153.1326,100.2555
2018-02-12,158.1989,86.1015,95.3116,64.5592,156.0847,100.5473
2018-02-13,159.7837,86.7778,96.6808,64.4516,154.6563,101.2572
2018-02-14,162.7297,88.1366,97.3701,66.4966,152.3612,101.724
2018-02-15,168.1939,89.9321,98.835,66.8195,153.1135,102.2881
2018-02-16,167.6494,89.2915,100.319,66.8293,150.2661,103.601
2018-02-20,167.0855,89.9903,90.1032,66.0367,149.6662,103.0661
2018-02-21,166.3271,88.7965,87.6235,65.6062,151.0756,102.1617
2018-02-22,167.7175,89.0295,88.8203,65.6845,152.9993,102.3464
2018-02-23,170.6343,91.2909,88.9352,66.6923,155.2848,104.3012
2018-02-26,174.0081,92.6108,89.1554,68.1502,155.78,106.7908
2018-02-27,173.4442,91.4268,87.6235,66.5651,152.9993,101.9866
2018-02-28,173.1817,91.0094,86.1778,65.5866,151.1688,100.3236
2018-03-01,170.1481,90.1165,85.2874,64.8919,149.2138,99.7498
2018-03-02,171.3246,90.3106,84.9906,64.6662,142.0933,100.1583
2018-03-05,171.9177,90.8832,86.1491,63.8418,144.7383,100.5667
2018-03-06,171.7719,90.5726,85.2682,64.0283,144.9013,102.0547
2018-03-07,170.1773,91.0968,84.0044,62.9781,146.0321,100.7418
2018-03-08,172.0344,91.65,84.6786,63.9007,148.0063,101.1697
2018-03-09,174.9901,93.6979,85.4492,65.0686,150.6897,101.8504
2018-03-12,176.6818,93.9211,84.8231,65.5789,151.1688,102.2783
2018-03-13,174.9803,91.6306,85.0446,64.941,151.6288,100.8779
2018-03-14,173.4928,91.087,84.4379,64.9704,151.648,101.0433
2018-03-15,173.6969,91.4073,84.2838,65.1569,154.8776,100.4014
2018-03-16,173.0844,91.815,85.8826,64.6858,155.5964,100.0416
2018-03-19,170.4398,90.1553,84.226,64.4895,152.3859,98.6898
2018-03-20,170.3815,90.3882,84.7075,65.5593,152.7405,98.5634
2018-03-21,166.5216,89.7574,84.9291,65.1176,152.0505,99.0205
2018-03-22,164.1687,87.1466,83.9274,63.2235,150.498,97.834
2018-03-23,160.367,84.6134,82.2708,63.4296,148.5238,95.8306
2018-03-26,167.98,91.0191,84.2741,64.676,151.4276,97.8826
2018-03-27,163.6728,86.836,82.8776,64.941,150.9196,96.6281
2018-03-28,161.8644,86.7583,84.5342,64.2245,151.8109,95.8306
2018-03-29,163.1283,88.583,85.6899,65.206,149.8655,97.6784
2018-04-02,162.0588,85.914,82.396,62.9291,151.1497,95.9473
2018-04-03,163.7214,87.0689,83.5999,65.4611,153.718,96.6864
2018-04-04,166.8521,89.6118,84.0045,67.1492,154.9926,98.1744
2018-04-05,168.0091,89.6603,84.5727,68.2975,157.1201,99.3025
2018-04-06,163.7117,87.5736,83.494,66.2954,154.5326,97.5909
2018-04-09,165.3354,88.0977,83.0991,65.9322,154.5134,96.9587
2018-04-10,168.4467,90.1456,83.2628,65.7556,155.9893,98.5828
2018-04-11,167.6591,89.1556,82.7428,65.5887,156.5355,98.0285
2018-04-12,169.312,90.825,82.2804,66.5113,154.8872,97.6298
2018-04-13,169.8856,90.3397,82.8487,66.0009,154.9926,97.5909
2018-04-16,170.9454,91.3976,83.6385,65.8145,154.8968,97.4839
2018-04-17,173.2983,93.2417,84.6594,66.2561,155.7784,99.3608
2018-04-18,172.9094,93.6008,84.3416,64.9704,155.0693,98.4272
2018-04-19,168.0091,93.2805,84.6498,64.5092,152.8842,98.116
2018-04-20,161.1254,92.2032,83.7733,64.8625,152.1559,97.4839
2018-04-23,160.6588,92.5429,82.9257,65.6378,152.3668,97.3964
2018-04-24,158.4225,90.3785,83.3399,65.7261,150.7663,96.7253
2018-04-25,159.1128,89.5924,83.9563,65.4317,149.4438,98.3689
2018-04-26,159.667,91.485,84.6979,66.7861,152.2805,97.0949
2018-04-27,157.8197,92.9991,84.0719,68.268,151.7055,96.5017
2018-04-30,160.6782,90.7668,85.1987,67.1198,160.4648,97.5714
2018-05-01,164.4117,92.2032,84.1875,66.8351,156.6314,97.3088
2018-05-02,171.6746,90.7571,83.1569,66.9922,153.9863,96.8809
2018-05-03,171.9857,91.3006,83.051,65.6574,153.4113,96.0446
2018-05-04,178.7333,92.3585,84.303,66.8351,158.1552,98.3689
2018-05-07,180.0265,93.3873,82.319,68.0521,158.1264,99.6623
2018-05-08,180.8918,92.9893,82.579,67.1885,157.9059,98.9913
2018-05-09,182.1655,94.0861,79.9978,66.6879,157.398,97.2213
2018-05-10,184.7711,95.0275,80.1432,66.6585,158.1935,98.8843
2018-05-11,184.0684,94.8237,80.812,67.159,158.5001,99.2636
2018-05-14,183.639,95.144,81.7908,67.5614,157.858,99.6234
2018-05-15,181.97,94.4549,81.9168,68.2091,156.2672,100.0902
2018-05-16,183.6682,94.6986,83.4772,70.015,156.0851,102.1519
2018-05-17,182.5068,93.7531,81.8878,69.6224,154.5901,101.4712
2018-05-18,181.8431,93.9285,81.0639,69.9953,154.2738,101.0724
2018-05-21,183.1314,95.1372,81.9072,70.0542,154.753,101.1989
2018-05-22,182.6727,95.0398,80.8023,69.9855,152.8076,101.2086
2018-05-23,183.844,96.1705,80.4533,70.015,154.8872,100.061
2018-05-24,183.639,95.8293,80.2983,70.8394,155.6251,99.3025
2018-05-25,184.0587,95.8781,79.9203,70.9081,156.4109,99.39
2018-05-29,183.395,95.5369,79.8621,69.6028,153.9288,96.949
2018-05-30,183.0046,96.4532,81.5292,70.8884,155.0788,97.231
2018-05-31,182.3896,96.3459,79.9978,70.4664,153.3443,96.7351
2018-06-01,185.6788,98.2467,80.434,71.6081,153.4986,96.6281
2018-06-04,187.2307,99.1045,82.7891,72.6611,154.5209,97.4839
2018-06-05,188.6752,99.6114,82.0138,72.8776,153.8072,97.1921
2018-06-06,189.3292,99.9038,81.9556,73.5666,156.604,99.108
2018-06-07,188.8217,98.3345,82.3336,73.5764,163.4515,99.6526
2018-06-08,187.1039,99.0655,81.7618,73.7142,162.9018,101.1211
2018-06-11,186.6451,98.5002,81.7036,73.4091,160.5678,101.4809
2018-06-12,187.6699,98.7536,81.5098,73.1138,160.7993,101.4614
2018-06-13,186.1278,98.3052,81.5001,72.9367,160.6546,103.387
2018-06-14,186.2254,98.8608,81.2093,73.5173,161.1079,105.7599
2018-06-15,184.3124,97.6034,81.1221,74.6393,160.5389,105.8572
2018-06-18,184.2148,98.315,80.4436,74.4129,160.3653,104.1164
2018-06-19,181.2379,98.315,81.0349,73.0843,159.1019,103.1828
2018-06-20,182.0285,99.2995,81.0349,73.537,156.7776,104.2039
2018-06-21,181.0135,98.5879,81.6164,72.7694,154.8199,102.9785
2018-06-22,180.4864,97.8763,82.2076,72.2674,158.6968,103.4162
2018-06-25,177.8023,95.9073,83.8068,71.2046,154.1254,101.5781
2018-06-26,180.0082,96.5799,83.3319,71.4112,155.1863,101.3934
2018-06-27,179.7446,95.0788,84.2138,70.2204,151.8204,101.1016
2018-06-28,181.0525,96.1412,83.2156,70.5648,150.7596,101.8894
2018-06-29,180.6718,96.1217,83.012,78.4185,151.1164,101.9282
2018-07-02,182.6922,97.4864,81.4128,77.1096,151.29,102.4339
2018-07-03,179.5104,96.5507,81.8393,75.0723,150.9139,101.1794
2018-07-05,180.9549,97.2427,81.9653,75.3381,151.724,102.4437
2018-07-06,183.4633,98.6074,81.9072,75.2692,153.7493,102.7182
2018-07-09,186.0107,99.28,83.2834,76.0565,154.2508,103.9338
2018-07-10,185.7863,99.5432,84.524,76.3419,154.9066,103.9436
2018-07-11,183.3754,99.4067,83.8649,76.1352,152.9778,105.914
2018-07-12,186.4499,101.561,83.8552,76.1451,153.46,106.1199
2018-07-13,186.7427,102.7697,84.9989,76.1549,152.8717,107.8354
2018-07-16,186.3328,102.2628,84.9407,76.5191,153.1321,108.0315
2018-07-17,186.8598,103.2765,85.4738,76.2435,154.0676,108.1295
2018-07-18,185.835,102.4675,85.3575,75.3774,152.3123,108.5119
2018-07-19,187.2796,101.7656,85.0183,75.7317,151.8108,109.9235
2018-07-20,186.8501,103.5884,85.3478,75.7416,152.3509,109.2863
2018-07-23,187.016,105.2456,84.931,75.3774,153.1031,108.904
2018-07-24,188.3727,104.9434,85.2509,74.3342,152.322,108.5217
2018-07-25,190.1491,108.0334,85.1927,75.9384,153.2382,108.9922
2018-07-26,189.5537,106.8539,85.5126,76.9127,150.586,111.2764
2018-07-27,186.4011,104.9629,85.4156,75.6727,151.8783,110.4039
2018-07-30,185.3568,102.7112,86.1425,74.7574,152.9971,110.4137
2018-07-31,185.7276,103.4033,86.4818,75.6924,151.9362,111.3254
2018-08-01,196.6689,103.5982,85.5223,76.3124,151.3382,110.747
2018-08-02,202.4177,104.8557,86.0263,77.4048,149.8819,110.5313
2018-08-03,203.0033,105.3138,86.8404,77.4934,150.6535,111.845
2018-08-06,204.0574,105.4015,86.9082,78.2512,151.1454,113.6586
2018-08-07,202.1444,106.1326,87.0051,79.255,150.4895,114.2664
2018-08-08,202.2811,106.7272,87.2765,79.2255,153.2671,111.7371
2018-08-09,203.872,106.9027,86.7696,79.9735,153.6336,111.9136
2018-08-10,203.2647,106.2496,87.9102,79.4519,153.0356,110.4627
2018-08-13,204.5771,105.4795,87.3837,78.8811,152.5148,109.9137
2018-08-14,205.4391,106.7954,88.5633,78.8712,154.8873,110.5313
2018-08-15,205.919,105.3472,87.9492,78.3102,154.193,110.6294
2018-08-16,208.9357,105.3277,96.1572,78.7826,155.9772,110.2666
2018-08-17,213.1081,105.269,95.3871,78.4874,155.4178,110.2666
2018-08-20,211.0317,104.5742,93.5837,80.8789,155.9289,109.7863
2018-08-21,210.6203,103.7033,93.6616,81.6367,155.3117,110.1784
2018-08-22,210.6302,104.7601,93.262,81.3316,154.8391,109.7373
2018-08-23,211.0611,105.2494,92.7843,81.5974,153.3925,109.7961
2018-08-24,211.7173,106.0713,92.5601,81.1446,153.7108,109.7275
2018-08-27,213.4607,107.2456,92.1604,81.3415,154.7716,110.1196
2018-08-28,215.1846,107.8914,93.6519,81.2726,155.8904,110.3647
2018-08-29,218.3972,109.6136,93.2327,81.4793,157.3081,110.2372
2018-08-30,220.405,109.5451,93.6811,80.1113,157.0091,109.7177
2018-08-31,222.9516,109.9169,93.4472,81.0979,157.4361,109.8157
2018-09-04,223.6666,109.3102,92.9598,78.5327,156.9412,108.6687
2018-09-05,222.2072,106.1594,94.1881,78.8484,158.4163,107.708
2018-09-06,218.5147,106.404,94.0223,79.322,158.9015,108.0903
2018-09-07,216.7517,105.8854,93.4179,79.2233,159.0567,108.7864
2018-09-10,213.8427,107.0303,94.461,80.9992,160.1922,108.5021
2018-09-11,219.2493,108.8503,94.2076,81.5221,159.7555,107.4433
2018-09-12,216.5264,109.3102,93.5544,81.8871,159.8719,107.3061
2018-09-13,221.7567,110.4845,92.7258,82.3508,157.6011,108.4923
2018-09-14,219.2395,110.9346,92.2092,82.3706,156.0871,107.11
2018-09-17,213.402,109.731,92.4334,82.1436,153.4669,107.208
2018-09-18,213.7546,110.778,93.028,84.1168,153.1079,107.3747
2018-09-19,213.8819,109.3004,92.8428,83.298,154.4762,107.6296
2018-09-20,215.5078,111.1303,93.34,84.2254,156.0386,109.4236
2018-09-21,213.1865,111.8055,93.4862,84.403,160.4154,108.2276
2018-09-24,216.2522,112.2066,92.5308,83.1401,158.4842,110.5509
2018-09-25,217.6234,111.9914,92.7063,83.6531,161.4926,111.394
2018-09-26,215.8898,111.5315,92.2092,82.5778,160.8618,112.9429
2018-09-27,220.3267,111.9522,91.7607,83.4065,161.609,113.7566
2018-09-28,221.1004,111.9131,91.5463,83.5841,162.3466,114.6389
2018-10-01,222.5892,113.1265,92.0239,83.3276,161.7449,113.9527
2018-10-02,224.5677,112.6763,92.7551,81.6602,160.2989,115.3447
2018-10-03,227.3003,112.6959,91.7022,81.3938,159.7943,114.6095
2018-10-04,223.3042,110.367,91.8387,79.1049,160.9006,113.8448
2018-10-05,219.6802,109.7212,90.9614,79.0458,161.6478,112.5214
2018-10-08,219.1709,108.4687,92.3066,79.1543,162.8124,113.737
2018-10-09,222.2072,109.8484,94.6365,79.3417,164.8115,114.5899
2018-10-10,211.9132,103.8795,93.3497,73.9352,163.3947,110.6392
2018-10-11,210.0425,103.6348,91.556,73.511,158.1542,108.9628
2018-10-12,217.545,107.2162,92.4236,74.8922,158.9791,110.3941
2018-10-15,212.8927,105.2885,91.4585,73.9845,158.8335,111.2078
2018-10-16,217.5842,108.6155,93.3984,76.4411,159.2217,113.9036
2018-10-17,216.644,108.3317,94.1296,75.4546,161.8419,114.8251
2018-10-18,211.5802,106.1692,93.7494,74.5863,161.8808,113.8938
2018-10-19,214.8026,106.3258,94.7047,73.215,162.5407,116.5603
2018-10-22,216.115,107.2749,94.695,73.8957,161.7061,115.9427
2018-10-23,218.1523,105.7778,95.3384,72.3665,171.9152,115.531
2018-10-24,210.6693,100.1219,95.1044,71.153,172.1093,109.4138
2018-10-25,215.2825,105.9735,96.6836,72.1199,170.1296,111.9136
2018-10-26,211.8545,104.6623,96.4497,71.1037,168.2178,110.9627
2018-10-29,207.8779,101.6191,97.288,71.2221,168.111,110.8156
2018-10-30,208.9161,101.5017,99.8421,73.511,173.2156,112.5018
2018-10-31,214.3618,104.5155,97.7559,74.0339,171.6726,112.5704
2018-11-01,217.6528,103.6446,98.0484,75.7604,169.7123,113.8154
2018-11-02,203.2157,103.8795,98.7893,75.5532,171.527,112.9135
2018-11-05,197.4468,105.2005,100.3197,76.4905,175.0595,113.1782
2018-11-06,199.582,105.4059,100.7292,75.5434,177.3109,114.4134
2018-11-07,205.6349,109.5549,101.6942,76.9246,178.8054,114.7467
2018-11-08,204.9175,109.3494,102.2402,76.7371,179.999,113.7174
2018-11-09,200.9663,107.2162,102.903,75.3362,180.4454,115.678
2018-11-12,190.8428,104.5742,101.2556,74.093,178.9219,114.4036
2018-11-13,188.9361,104.6427,100.349,74.1917,178.5725,114.5507
2018-11-14,183.5992,103.1588,98.9745,74.1917,178.4172,114.8153
2018-11-15,188.1301,105.4289,97.0346,73.3334,178.1358,114.8055
2018-11-16,190.2138,106.4215,95.2311,73.7379,182.0467,113.9036
2018-11-19,182.6752,102.8148,94.344,71.5476,181.2024,113.1488
2018-11-20,173.9474,99.955,91.79,70.1664,178.2814,109.6687
2018-11-21,173.7508,101.3308,91.7997,71.3997,177.3206,110.8058
2018-11-23,169.3378,101.2915,92.7063,70.5315,176.554,109.8745
2018-11-26,171.6278,104.6329,92.7551,71.7351,178.456,110.3353
2018-11-27,171.2544,105.2913,92.6478,71.1234,179.1742,111.6587
2018-11-28,177.8396,109.2026,95.0069,73.659,182.299,113.8154
2018-11-29,176.4734,108.2887,94.8412,73.3432,183.6673,114.3154
2018-11-30,175.52,108.9766,95.1921,74.3328,184.0677,113.2174
2018-12-03,181.6531,110.1559,96.2645,77.1232,181.0017,113.4625
2018-12-04,173.6624,106.6475,93.3984,74.9957,180.6795,110.649
2018-12-06,171.7261,107.3059,92.8888,74.7484,181.0798,112.0802
2018-12-07,165.6029,103.0113,91.3401,72.5714,178.6485,110.628
2018-12-10,166.6939,105.7335,92.0752,71.7501,180.2986,110.5094
2018-12-11,165.7405,106.7163,91.987,72.799,179.2636,110.6181
2018-12-12,166.2024,107.1978,91.2617,73.5411,179.1562,110.8552
2018-12-13,168.0207,107.5614,91.1147,72.1657,182.0367,112.021
2018-12-14,162.6444,104.2005,90.0267,71.7699,178.9707,110.8453
2018-12-17,161.1309,101.1146,88.9682,69.1675,176.5296,109.2844
2018-12-18,163.2244,102.176,89.272,70.4044,175.4751,108.1285
2018-12-19,158.1331,101.9008,88.7525,68.2472,174.938,107.9013
2018-12-20,154.1427,99.7585,85.5475,66.8223,169.5872,105.7081
2018-12-21,148.1472,96.535,85.4004,71.6116,170.0461,102.9617
2018-12-24,144.314,92.5058,84.1164,67.3863,166.2673,99.1384
2018-12-26,154.4769,98.8249,88.6153,72.2449,169.9289,104.5523
2018-12-27,153.4743,99.4342,89.7719,72.898,171.5694,105.2339
2018-12-28,153.553,98.6578,90.3012,72.5714,171.4229,106.0045
2018-12-31,155.0371,99.8174,91.3009,73.363,173.3855,108.3261
2019-01-02,155.214,99.3752,91.4872,73.2839,171.9111,107.6543
2019-01-03,139.7535,95.7194,91.0167,71.9876,170.7784,105.0462
2019-01-04,145.7195,100.1712,91.5852,73.8677,174.0788,108.2866
2019-01-07,145.3952,100.299,92.6633,74.9265,175.9731,109.2251
2019-01-08,148.1669,101.0262,93.3102,75.9259,176.3441,110.0748
2019-01-09,150.683,102.4708,93.0064,75.7874,176.0414,111.3097
2019-01-10,151.1646,101.8124,93.075,75.6191,177.2717,111.4381
2019-01-11,149.6805,101.0262,92.9574,75.2431,178.0724,111.2899
2019-01-14,147.4297,100.2891,93.0652,75.2926,176.9495,111.0627
2019-01-15,150.4471,103.1981,94.3394,77.0638,176.7542,110.4107
2019-01-16,152.2851,103.5617,94.4374,76.8659,175.1236,109.5709
2019-01-17,153.1893,104.2889,94.8197,78.3007,176.8421,109.6697
2019-01-18,154.1329,105.8515,95.79,79.6069,178.2677,109.6993
2019-01-22,150.6732,103.8565,95.5548,79.9038,180.2206,109.2647
2019-01-23,151.2825,104.8687,96.7506,79.6564,181.7047,109.7784
2019-01-24,150.0834,104.3675,96.4075,79.597,182.9546,109.2153
2019-01-25,155.0567,105.3208,95.0157,79.7652,179.664,109.7487
2019-01-28,153.6218,103.2669,95.1333,79.4783,179.2734,109.4721
2019-01-29,152.0295,101.1638,94.7903,79.3793,177.8771,109.561
2019-01-30,162.4184,104.5444,92.9182,80.4282,177.4865,108.8003
2019-01-31,163.588,102.6281,93.9277,81.0219,174.567,110.1735
2019-02-01,163.6666,101.0065,91.9968,80.6558,172.5555,109.9562
2019-02-04,168.3156,103.9155,92.8888,81.1308,173.366,110.4502
2019-02-05,171.1954,105.3699,93.7023,81.9917,173.3855,111.2998
2019-02-06,171.2544,104.2005,93.7415,81.8432,172.0282,110.0649
2019-02-07,168.0109,103.4536,94.8099,81.5266,171.1495,109.6104
2019-02-08,168.2083,103.8467,93.6827,81.4969,170.632,110.1637
2019-02-11,167.241,103.4339,94.2904,82.8031,170.1535,108.1187
2019-02-12,168.6821,105.0456,95.0451,83.8223,169.8703,107.8816
2019-02-13,167.9813,104.967,95.9958,84.505,170.0461,108.8695
2019-02-14,168.5933,105.0555,96.5643,83.7926,171.7255,109.3239
2019-02-15,168.2182,106.3527,98.0051,84.4852,175.7289,111.2306
2019-02-19,168.7216,106.3035,100.1713,83.6837,175.0259,112.1395
2019-02-20,169.8074,105.7509,97.8973,83.9509,176.2367,112.3075
2019-02-21,168.8499,107.9814,97.4171,83.0702,178.502,112.9101
2019-02-22,170.7352,109.521,97.5739,83.8717,178.8535,113.8585
2019-02-25,171.979,110.1329,97.1524,84.2775,178.3067,112.2186
2019-02-26,172.0777,110.8928,96.731,84.9008,178.8926,112.1296
2019-02-27,172.6107,110.7053,96.1625,85.267,179.0391,111.4183
2019-02-28,170.9129,110.5671,97.025,84.8316,180.6506,111.4776
2019-03-01,172.7094,111.0606,95.986,86.4685,181.8396,112.6335
2019-03-04,173.578,110.7941,95.9076,84.9605,177.457,112.9496
2019-03-05,173.2622,110.2414,96.3879,84.7621,178.2038,112.6236
2019-03-06,172.2652,110.2908,96.3095,84.4546,178.872,113.4633
2019-03-07,170.2713,108.9485,95.5156,84.5836,177.3882,112.6335
2019-03-08,170.676,109.067,95.6528,84.1272,176.3859,112.4359
2019-03-11,176.5886,111.3567,96.5251,85.1391,177.9385,113.3645
2019-03-12,178.5727,112.1364,96.4173,84.7522,178.6755,113.3448
2019-03-13,179.3623,113.0049,97.0642,85.2482,178.9015,112.7125
2019-03-14,181.3562,113.0937,96.7883,86.1808,179.5697,113.0978
2019-03-15,183.7153,114.3965,96.9854,86.1113,182.1148,113.572
2019-03-18,185.5908,116.0348,98.2073,87.1232,180.7587,111.7542
2019-03-19,184.1201,116.1137,98.3945,86.9943,179.9333,108.6719
2019-03-20,185.729,115.9854,97.2022,86.0022,181.761,108.662
2019-03-21,192.5694,118.6502,97.616,87.3118,183.1367,107.3481
2019-03-22,188.5816,115.5216,96.8474,81.5379,183.5691,106.9233
2019-03-25,186.3015,116.1236,96.739,81.6768,182.498,106.4886
2019-03-26,184.3767,116.3703,96.8868,82.7185,184.2275,108.8102
2019-03-27,186.035,115.2452,95.793,82.4308,184.2569,108.9485
2019-03-28,186.2817,115.4031,95.7142,83.3732,186.1043,109.3733
2019-03-29,187.4959,116.4,96.1083,83.5419,186.6055,109.6895
2019-04-01,188.7692,117.4659,96.3941,84.5538,185.1217,111.1516
2019-04-02,191.5133,117.6336,95.5269,83.7006,185.0824,110.6082
2019-04-03,192.8261,118.4035,95.7733,83.7998,185.0824,111.1615
2019-04-04,193.1617,117.8014,96.6799,84.6034,186.576,113.3645
2019-04-05,194.4548,118.3245,97.3894,84.7225,187.4014,113.6115
2019-04-08,197.5147,118.364,97.7836,84.0578,186.5564,113.572
2019-04-09,196.9225,117.7225,97.2514,83.6113,186.7823,115.4491
2019-04-10,198.028,118.6206,98.1482,84.2066,185.9373,115.7455
2019-04-11,196.3796,118.7588,99.3307,84.3256,185.6032,115.1922
2019-04-12,196.3006,119.3707,100.0796,85.5558,188.276,128.4897
2019-04-15,196.656,119.4694,100.9369,86.1411,188.5217,130.4458
2019-04-16,196.6757,119.193,101.4296,87.1034,188.3742,128.3316
2019-04-17,200.5056,120.1799,101.6563,88.026,188.2858,130.1593
2019-04-18,201.2262,121.7591,101.676,88.4923,191.5286,130.8508
2019-04-22,201.8875,122.144,100.8778,86.6669,190.5557,130.0901
2019-04-23,204.7994,123.802,101.5676,86.7364,191.8725,131.7499
2019-04-24,204.4835,123.3776,102.0209,87.6887,194.2014,133.4689
2019-04-25,202.6278,127.4636,102.011,86.8653,194.4962,135.583
2019-04-26,201.6605,128.1939,100.05,87.6094,193.995,138.2307
2019-04-29,201.9665,128.0755,100.0796,87.5598,193.7002,137.6181
2019-04-30,198.0774,128.8947,101.3409,87.1332,194.1424,135.3163
2019-05-01,207.8001,126.2102,99.8825,85.2185,190.8014,134.7334
2019-05-02,206.4478,124.562,99.6756,84.5935,191.2338,132.5204
2019-05-03,209.0142,127.2168,100.592,85.0201,194.0933,132.7081
2019-05-06,205.7865,126.4766,100.9665,82.907,195.4493,133.3701
2019-05-07,200.2391,123.881,99.8234,81.8851,194.6042,131.8289
2019-05-08,200.2785,123.8711,98.838,82.1133,194.5944,133.3602
2019-05-09,198.1267,123.8612,98.6101,82.3217,194.2996,131.9771
2019-05-10,195.382,125.47,100.958,83.284,196.5204,132.4216
2019-05-13,184.0265,121.7393,98.9568,81.8752,195.5771,129.7542
2019-05-14,186.9397,123.1013,99.3531,83.0062,194.5748,131.5918
2019-05-15,189.1791,124.8348,98.9469,83.3435,195.6164,133.0539
2019-05-16,188.3467,127.7175,100.3636,83.6113,196.5204,133.864
2019-05-17,187.2766,126.8656,99.9178,83.899,195.7638,133.4096
2019-05-20,181.4205,125.033,100.5716,82.1927,195.5378,132.2932
2019-05-21,184.8985,125.7066,100.1754,82.9764,196.373,132.471
2019-05-22,181.1133,126.4693,101.275,82.5399,196.491,132.2339
2019-05-23,178.0217,124.9933,100.9084,81.9844,195.5181,131.1275
2019-05-24,177.338,125.0528,101.7109,81.5082,194.3389,131.1867
2019-05-28,176.6048,124.9735,101.4632,80.5558,193.258,131.0188
2019-05-29,175.7625,123.765,101.166,78.2443,192.6193,129.9815
2019-05-30,176.6741,124.5476,101.2354,78.6312,195.7834,130.6039
2019-05-31,173.4736,122.5168,100.4924,76.741,195.9712,130.4458
2019-06-03,171.7197,118.713,101.0075,77.5567,196.4753,130.8706
2019-06-04,178.0019,122.0017,101.6019,81.1978,197.3155,133.1922
2019-06-05,180.8755,124.6466,103.4445,82.2921,197.8097,134.2987
2019-06-06,183.531,126.6179,104.1281,82.0235,200.6958,135.5534
2019-06-07,188.4161,130.1642,105.0692,82.9786,203.0976,136.3734
2019-06-10,190.8239,131.353,106.5156,82.1529,198.9661,135.4151
2019-06-11,193.0336,130.8577,106.9316,82.8293,200.9034,133.4491
2019-06-12,192.4193,130.2534,107.8034,82.2026,202.554,134.0814
2019-06-13,192.3796,131.0756,107.635,83.1775,202.1191,140.0287
2019-06-14,190.9825,131.2044,108.0511,83.0084,202.9098,139.9398
2019-06-17,192.122,131.6006,108.1403,81.6853,201.447,139.268
2019-06-18,196.6404,133.8889,108.6257,83.864,202.1389,137.5589
2019-06-19,196.0657,134.4139,108.596,83.1178,202.1784,139.2186
2019-06-20,197.6412,135.662,109.2894,84.7991,202.7418,140.3053
2019-06-21,196.9674,135.6819,110.0918,85.3065,201.8918,138.5369
2019-06-24,196.7692,136.4842,110.2008,84.0629,201.5557,137.5391
2019-06-25,193.7867,132.1751,109.6857,82.1926,203.325,138.2504
2019-06-26,197.9781,132.6704,109.1309,82.123,202.1784,138.7048
2019-06-27,197.9186,132.8884,109.0715,83.2273,203.8785,137.6181
2019-06-28,196.1152,132.7002,109.4578,83.5158,205.2524,137.954
2019-07-01,199.7121,134.404,109.5866,84.9682,203.9081,139.9398
2019-07-02,200.8814,135.2955,110.5574,84.5205,207.1501,140.8091
2019-07-03,202.5461,136.1673,111.2707,85.7541,210.3427,141.2537
2019-07-05,202.3677,135.771,110.9339,86.3709,208.7909,141.6016
2019-07-08,198.1961,135.672,111.667,88.0223,209.7002,140.1801
2019-07-09,199.405,135.1767,111.8255,87.5846,209.631,140.7666
2019-07-10,201.3768,136.5536,111.9246,86.9877,210.5305,142.6851
2019-07-11,199.9103,137.0984,112.8558,87.8333,210.224,142.705
2019-07-12,201.4462,137.5937,113.5294,88.659,210.5206,144.0172
2019-07-15,203.3388,137.5937,113.9059,89.0172,211.7264,144.1961
2019-07-16,202.6352,135.7908,113.6879,88.1417,211.2421,143.4406
2019-07-17,201.4957,134.9884,113.5294,87.0474,211.2322,141.7209
2019-07-18,203.7847,135.137,113.6483,86.9877,213.4067,140.7865
2019-07-19,200.7426,135.3351,112.836,86.1023,211.3904,139.0171
2019-07-22,205.3304,137.1281,111.7661,85.5253,212.5073,140.0012
2019-07-23,206.9356,137.98,111.0429,86.2515,211.8253,140.4187
2019-07-24,206.7672,139.3966,110.9537,86.2515,210.313,140.4485
2019-07-25,205.1323,138.8716,111.1717,86.8285,211.9538,142.3571
2019-07-26,205.8457,140.0108,111.9642,87.0872,213.0805,143.7885
2019-07-29,207.768,139.7037,111.2212,87.1668,212.4875,145.5182
2019-07-30,206.8762,139.0301,111.0132,86.749,209.8781,144.0668
2019-07-31,211.0974,134.9884,109.3488,85.585,208.2769,142.1583
2019-08-01,206.5294,136.7616,108.3582,82.6901,208.8007,141.0052
2019-08-02,202.1596,135.6125,108.378,80.7203,211.9933,140.866
2019-08-05,191.577,130.9666,104.8315,78.5615,208.01,137.4763
2019-08-06,195.2036,133.4233,106.2679,80.8795,211.5979,141.0251
2019-08-07,197.225,134.0077,107.1892,80.8596,214.316,134.0568
2019-08-08,201.575,137.5838,108.0354,82.5707,215.4824,137.0688
2019-08-09,199.9139,136.4149,106.8009,81.556,218.586,137.695
2019-08-12,199.4066,134.5129,104.7502,81.2277,214.6422,134.9415
2019-08-13,207.8512,137.2965,106.9304,82.889,217.1824,136.194
2019-08-14,201.6645,133.1619,105.7258,80.6109,213.9701,132.0588
2019-08-15,200.6599,132.8638,112.1868,79.0987,215.7393,132.6155
2019-08-16,205.3944,135.2988,112.4855,79.8648,215.937,134.3948
2019-08-19,209.2238,137.5649,113.3018,80.7104,216.2434,134.4843
2019-08-20,209.2338,136.4219,111.5497,80.1135,215.937,134.3252
2019-08-21,211.5016,137.9426,111.5198,82.312,218.1511,134.9515
2019-08-22,211.3225,136.9387,111.4103,82.8791,216.9452,135.2696
2019-08-23,201.5551,132.5755,110.3351,80.0239,212.1712,130.8858
2019-08-26,205.3845,134.623,111.4899,81.8246,214.3951,133.8083
2019-08-27,203.067,134.9112,111.918,81.6057,213.5451,133.689
2019-08-28,204.4296,134.7323,112.2167,83.0482,215.5417,135.7368
2019-08-29,207.891,137.2766,113.5706,84.9384,217.983,137.0191
2019-08-30,207.6224,137.0182,113.7498,84.2801,216.582,136.4425
2019-09-03,204.5987,135.2094,114.1281,84.4496,215.7474,135.4982
2019-09-04,208.07,136.7897,115.3924,86.1253,217.1086,137.0688
2019-09-05,212.1381,139.1949,114.9245,88.1899,218.0923,138.0131
2019-09-06,212.1182,138.2507,114.2177,88.4592,218.6289,138.7189
2019-09-09,213.0234,136.6803,115.8105,88.4392,215.8765,138.0032
2019-09-10,215.5398,135.2491,115.5318,86.604,208.3448,134.9813
2019-09-11,222.3929,135.2888,115.5019,86.5242,208.8615,135.3789
2019-09-12,221.8956,136.6803,116.3979,87.4418,210.7991,136.6811
2019-09-13,217.5788,136.4815,116.9056,87.0928,208.474,137.198
2019-09-16,218.7227,135.4976,115.0539,87.0429,206.0793,134.9912
2019-09-17,219.5184,136.5511,115.9897,87.362,208.5137,135.4982
2019-09-18,221.5773,137.6742,116.6368,87.8508,209.09,135.9853
2019-09-19,219.777,140.2086,116.5871,87.4718,209.1795,132.5061
2019-09-20,216.5643,138.5886,116.4576,86.4544,208.0566,131.4823
2019-09-23,217.549,138.2904,117.0948,87.4618,210.1929,131.6711
2019-09-24,216.5146,136.5412,117.8713,86.9531,210.6699,131.184
2019-09-25,219.8466,138.5091,117.941,90.5737,211.276,132.2974
2019-09-26,218.7127,138.688,117.7717,91.9301,211.2462,130.4882
2019-09-27,217.6485,136.889,117.9211,92.0698,211.8026,129.186
2019-09-30,222.7709,138.1811,118.15,93.6756,213.3428,129.5439
2019-10-01,223.3876,136.2331,117.3238,92.0398,207.689,128.7785
2019-10-02,217.7877,133.8278,115.6015,91.2519,204.9565,128.3709
2019-10-03,219.6378,135.4479,115.7906,91.98,208.6926,127.3868
2019-10-04,225.7946,137.2766,117.6324,92.8278,210.342,129.4942
2019-10-07,225.8443,136.2828,116.7065,92.9275,210.5705,130.1204
2019-10-08,223.1986,134.8416,117.055,91.5112,209.7657,127.7049
2019-10-09,225.8145,137.3959,118.3989,92.2792,211.4747,128.5598
2019-10-10,228.8581,138.2507,119.0759,92.758,210.4115,128.5697
2019-10-11,234.9454,138.8271,119.7031,93.6357,207.689,129.2457
2019-10-14,234.6072,138.6979,118.6379,94.6331,207.0531,128.9276
2019-10-15,234.0601,140.7056,118.9962,94.5433,205.9005,128.9872
2019-10-16,233.1152,139.5527,118.8867,94.6331,206.9736,130.0807
2019-10-17,234.0203,138.8371,119.3049,95.3113,205.5328,131.5816
2019-10-18,235.1443,136.571,118.608,95.8499,207.1723,130.1105
2019-10-21,239.2223,137.5847,119.2053,95.9696,208.5137,129.4842
2019-10-22,238.6753,135.5373,119.046,95.3512,198.0011,131.6115
2019-10-23,241.878,136.402,118.8171,92.0797,197.9415,130.349
2019-10-24,242.2759,139.0856,118.5682,91.2619,194.7718,129.4842
2019-10-25,245.2598,139.8707,118.5084,90.6834,193.3708,130.1204
2019-10-28,247.7166,143.3096,118.6876,90.6136,190.5588,129.7526
2019-10-29,241.9874,141.9579,116.6269,89.0476,191.3934,128.7089
2019-10-30,241.9576,143.727,117.5726,89.9553,195.6362,128.8282
2019-10-31,247.4282,142.4946,116.7364,89.3169,195.4474,129.1463
2019-11-01,254.4504,142.8425,117.0948,88.9479,192.705,131.9594
2019-11-04,256.1214,143.6674,117.045,89.6261,187.4586,132.1284
2019-11-05,255.7534,143.578,118.3292,89.6461,190.9562,130.6671
2019-11-06,255.8628,143.1804,118.9664,89.2471,192.9435,130.4882
2019-11-07,258.8157,143.3792,119.6931,90.1647,191.8505,132.1682
2019-11-08,259.5241,145.0688,118.9067,89.5763,192.3771,137.1384
2019-11-11,261.5792,145.2179,118.5084,89.8156,191.4133,135.9256
2019-11-12,261.3398,146.172,118.5881,89.2671,192.0492,137.7547
2019-11-13,263.8438,146.4105,120.4398,91.0524,193.7583,147.8343
2019-11-14,262.0182,147.156,120.1113,91.0325,192.7646,146.2736
2019-11-15,265.1308,149.0543,118.3392,92.7979,192.7348,143.8084
2019-11-18,266.4676,149.422,119.713,93.9349,193.0429,146.7707
2019-11-19,265.6595,149.4717,119.3546,93.3664,192.2082,147.4963
2019-11-20,262.5669,149.2124,118.598,92.8078,192.8938,146.0549
2019-11-21,261.3896,149.0728,119.3248,91.9202,191.1252,146.0251
2019-11-22,261.1602,149.1825,118.827,93.0971,191.9101,147.4068
2019-11-25,265.7393,150.8181,118.389,92.6582,190.6681,148.7985
2019-11-26,263.6642,151.6159,118.6578,93.0871,192.7746,150.7369
2019-11-27,267.2058,151.9051,118.2297,93.895,195.05,150.5779
2019-11-29,266.6172,150.9677,118.5582,93.49,194.48,150.6773
2019-12-02,263.5345,149.1426,118.7474,93.56,195.18,149.723
2019-12-03,258.8357,148.9033,118.1401,92.46,193.12,147.6951
2019-12-04,261.1203,149.4418,118.16,93.72,194.31,147.3969
2019-12-05,264.9512,149.5216,118.66,95.79,194.21,146.5619
2019-12-06,270.069,151.3366,119.78,97.0,195.35,146.7806
2019-12-09,266.288,150.9477,119.36,96.63,194.68,145.3392
2019-12-10,267.8443,150.7183,119.14,97.01,194.95,145.2299
2019-12-11,270.1289,151.2868,119.0,97.18,194.72,146.711
2019-12-12,270.8173,152.8226,119.76,97.72,196.31,146.88
2019-12-13,274.4985,154.1091,120.29,97.77,197.12,146.38
2019-12-16,279.1974,155.1063,120.54,98.81,197.88,148.46
2019-12-17,279.7461,154.2686,121.28,99.65,196.52,147.73
2019-12-18,279.0777,153.9495,119.86,100.57,195.63,146.26
2019-12-19,279.357,155.2859,120.08,101.15,197.06,146.15
2019-12-20,278.7784,156.9812,120.29,99.96,197.14,146.88
2019-12-23,283.3276,156.9812,119.03,100.04,196.2,144.68
2019-12-24,283.5969,156.9513,119.51,100.14,196.67,145.29
2019-12-26,289.2236,158.2378,119.52,100.71,197.06,145.7
2019-12-27,289.1138,158.527,119.59,101.57,198.17,145.75
2019-12-30,290.8298,157.1607,119.4,100.8,196.91,143.77
2019-12-31,292.9547,157.2704,118.84,101.31,197.61,144.63
2020-01-02,299.6389,160.1825,118.94,102.2,200.79,148.2
2020-01-03,296.7258,158.1879,117.89,101.92,200.08,146.5
2020-01-06,299.0901,158.5968,117.65,101.83,202.33,145.65
2020-01-07,297.6835,157.1508,116.56,101.78,202.63,145.7
2020-01-08,302.4721,159.6539,116.16,101.55,205.91,145.4
2020-01-09,308.8969,161.6485,117.36,101.48,208.35,144.83
2020-01-10,309.5952,160.9005,116.38,100.9,207.27,144.62
2020-01-13,316.2095,162.8352,115.88,102.16,206.51,143.88
2020-01-14,311.9397,161.6884,116.18,102.92,207.32,145.2
2020-01-15,310.6028,162.7355,115.28,102.79,209.77,144.32
2020-01-16,314.4936,165.7174,115.9,103.37,210.85,145.12
2020-01-17,317.9754,166.6448,114.96,104.53,211.98,144.33
2020-01-21,315.8205,166.0465,115.59,104.58,211.16,143.56
2020-01-22,316.9478,165.2486,116.1,104.49,211.44,144.01
2020-01-23,318.4742,166.2659,115.81,103.02,213.42,142.2
2020-01-24,317.5563,164.5904,114.37,102.03,211.24,140.08
2020-01-27,308.2185,161.838,115.86,100.24,209.34,135.9
2020-01-28,316.9378,165.0093,116.6,100.41,210.39,138.37
2020-01-29,323.5721,167.5823,115.89,99.84,214.44,136.06
2020-01-30,323.1032,172.3094,116.58,98.19,216.18,137.81
2020-01-31,308.7772,169.7663,114.49,96.3,213.97,138.31
2020-02-03,307.9292,173.905,114.27,99.27,215.18,141.32
2020-02-04,318.0951,179.6294,115.27,101.38,214.62,144.73
2020-02-05,320.6889,179.41,116.81,100.54,214.37,141.37
2020-02-06,324.44,183.1298,116.31,100.27,212.87,142.7
2020-02-07,320.03,183.3891,116.45,99.44,211.61,141.02
2020-02-10,321.55,188.186,115.25,100.02,213.21,142.59
2020-02-11,319.61,183.9376,115.4,100.02,215.73,141.01
2020-02-12,327.2,184.2069,115.85,103.0,217.46,141.85
2020-02-13,324.87,183.2096,117.44,103.37,217.42,140.9
2020-02-14,324.95,184.8451,117.89,103.54,217.09,139.54
2020-02-18,319.0,186.72,119.63,102.0,216.15,139.14
2020-02-19,323.62,187.28,117.68,102.46,215.63,141.3
2020-02-20,320.3,184.42,117.69,102.53,215.08,140.37
2020-02-21,313.05,178.59,118.58,100.25,215.87,138.97
